{
    "any-group-can-deploy": true,
    "auto-historical-resources": true,
    "build-items": [
        {
            "action-name": "Create GCP Bucket",
            "continue-on-failure": false,
            "deploy-seq": 0,
            "description": null,
            "execute-in-parallel": false,
            "name": "Create GCP Bucket",
            "run-on-scale-up": true,
            "show-on-order-form": true,
            "type": "plugin"
        }
    ],
    "description": "Manage buckets in imported projects within a Google Cloud Platform Resource Handler.\r\n\r\nAs a first-class Resource in CloudBolt, the following operations are supported on buckets: Deploy, Delete, and Sync.\r\n\r\nAlso includes a suite of management scripts to manage the objects / blobs within buckets. Operations supported: Upload, Download, Copy, Move, Rename, and Delete.\r\n\r\nNOTE FOR SYNC TO WORK: The Sync script finds this Blueprint by name, looking for \"GCP Storage.\" So if you must rename this Blueprint, you must update the name of the Blueprint in the Sync script.",
    "favorited": false,
    "icon": "google-cloud-storage_yhVQhXW.png",
    "is-orderable": true,
    "management-actions": [
        {
            "enabled": "True",
            "label": "GCP Storage - Copy Blob"
        },
        {
            "enabled": "True",
            "label": "GCP Storage - Delete Blob"
        },
        {
            "enabled": "True",
            "label": "GCP Storage - Download Blob"
        },
        {
            "enabled": "True",
            "label": "GCP Storage - Move Blob"
        },
        {
            "enabled": "True",
            "label": "GCP Storage - Rename Blob"
        },
        {
            "enabled": "True",
            "label": "GCP Storage - Upload Blob"
        }
    ],
    "name": "GCP Storage",
    "resource-name-template": "GCP Bucket",
    "resource-type": {
        "icon": "fa fa-box",
        "label": "Storage",
        "lifecycle": "ACTIVE",
        "list-view-columns": [],
        "name": "storage",
        "plural-label": "Storage"
    },
    "sequence": 0,
    "show-recipient-field-on-order-form": false,
    "teardown-items": [
        {
            "action-name": "GCP Storage Delete",
            "continue-on-failure": false,
            "deploy-seq": -1,
            "description": null,
            "execute-in-parallel": false,
            "name": "GCP Storage Delete",
            "type": "teardown_plugin"
        }
    ]
}