{
    "action_input_default_values": [],
    "base_action_name": "Fetch Server Password",
    "dangerous": false,
    "dialog_message": "",
    "enabled": true,
    "extra_classes": "fas fa-bolt",
    "id": "SVA-c2gpta7p",
    "is_synchronous": false,
    "label": "Fetch Server Password",
    "last_updated": "2024-08-08",
    "maximum_version_required": "",
    "minimum_version_required": "8.6",
    "new_tab_url": null,
    "requires_approval": false,
    "sequence": null,
    "submit_button_label": ""
}