{
    "description": null,
    "enabled": true,
    "icon_url": "",
    "id": "XUI-005ibv5q",
    "label": "",
    "last_updated": "2022-11-08",
    "maximum_version_required": "",
    "minimum_version_required": "8.6",
    "name": "custom_form_starter",
    "package_contents": [
        "custom_form_starter/__init__.py",
        "custom_form_starter/urls.py",
        "custom_form_starter/views.py",
        "custom_form_starter/__pycache__/__init__.cpython-39.pyc",
        "custom_form_starter/__pycache__/urls.cpython-39.pyc",
        "custom_form_starter/__pycache__/views.cpython-39.pyc",
        "custom_form_starter/templates/form.html",
        "custom_form_starter/templates/styles.html",
        "custom_form_starter/static/js/survey.jquery.min.js",
        "custom_form_starter/forms/form1.json",
        "custom_form_starter/forms/form2.json"
    ]
}