{
    "any-group-can-deploy": false,
    "auto-historical-resources": false,
    "build-items": [
        {
            "action-name": "My Create Action for my awesome new blueprint",
            "continue-on-failure": false,
            "deploy-seq": 1,
            "description": null,
            "execute-in-parallel": false,
            "name": "My Create Action for my awesome new blueprint",
            "run-on-scale-up": true,
            "show-on-order-form": true,
            "type": "plugin"
        }
    ],
    "description": "This is totally an awesome blueprint that works and is awesome",
    "favorited": false,
    "icon": "8-83629_google-thumbs-up-emoji_qfoK3O4.png",
    "is-orderable": true,
    "management-actions": [],
    "name": "My Awesome New Blueprint",
    "resource-type": {
        "icon": "",
        "label": "Service",
        "lifecycle": "ACTIVE",
        "list-view-columns": [],
        "name": "service",
        "plural-label": null
    },
    "sequence": 0,
    "show-recipient-field-on-order-form": false,
    "teardown-items": []
}