{
    "any-group-can-deploy": false,
    "auto-historical-resources": false,
    "build-items": [
        {
            "action-name": "Create GKE Cluster",
            "continue-on-failure": false,
            "deploy-seq": 1,
            "description": null,
            "execute-in-parallel": false,
            "name": "Create GKE Cluster",
            "run-on-scale-up": true,
            "show-on-order-form": true,
            "type": "plugin"
        }
    ],
    "description": "Provisions a Kubernetes cluster into an existing Google Compute Engine environment using Google Kubernetes Engine. The cluster will be imported as a Container Orchestrator, and the nodes as Servers.\r\n\r\nTo use this Blueprint, make sure that the service account used by your Resource Handler has Kubernetes Engine Admin permission. If you do not know which service account to give permissions to, run this BP once and check the action's logs after execution.",
    "favorited": false,
    "icon": "kubernetes_0DAgbx4.png",
    "is-orderable": true,
    "management-actions": [],
    "name": "Google Kubernetes Engine (Demo for Updating a Blueprint)",
    "resource-type": {
        "icon": "",
        "label": "Service",
        "lifecycle": "ACTIVE",
        "list-view-columns": [],
        "name": "service",
        "plural-label": null
    },
    "sequence": 0,
    "show-recipient-field-on-order-form": false,
    "teardown-items": [
        {
            "action-name": "Delete GKE Cluster",
            "continue-on-failure": false,
            "deploy-seq": 2,
            "description": null,
            "execute-in-parallel": false,
            "name": "Delete GKE Cluster",
            "type": "teardown_plugin"
        }
    ]
}