{
    "description": "",
    "id": "OHK-ztqzlsej",
    "last_updated": "2025-05-23",
    "max_retries": 0,
    "maximum_version_required": "",
    "minimum_version_required": "8.6",
    "name": "azure_sql",
    "resource_technologies": [],
    "script_filename": "azure_sql_database_5vyUXPd.py",
    "shared": false,
    "shared_module_dependencies": [
        "shared_module_resource_utils.zip",
        "shared_module_azure_sql_3.zip",
        "shared_module_arm_utils.zip",
        "shared_module_azuread_utils.zip"
    ],
    "target_os_families": [],
    "type": "CloudBolt Plug-in"
}