{
    "any_group_can_deploy": true,
    "auto_historical_resources": false,
    "blueprint_image": null,
    "deployment_items": [
        {
            "action_name": "custom_form_starter",
            "continue_on_failure": false,
            "deploy_seq": 2,
            "description": null,
            "execute_in_parallel": false,
            "id": "BDI-cuhcy5wr",
            "name": "custom_form_starter",
            "run_on_scale_up": true,
            "show_on_order_form": true,
            "tier_type": "plugin"
        }
    ],
    "description": "",
    "favorited": false,
    "id": "BP-xmaa03d2",
    "is_manageable": true,
    "is_orderable": true,
    "labels": [],
    "last_updated": "2022-11-08",
    "management_actions": [],
    "maximum_version_required": "",
    "minimum_version_required": "8.6",
    "name": "custom_form_starter",
    "parameters": [
        {
            "allow_multiple": false,
            "available_all_servers": false,
            "constraints": "Unconstrained",
            "description": "",
            "destination": "Both",
            "field_dependency_controlling_set": [],
            "field_dependency_dependent_set": [],
            "global_options": [],
            "label": "custom_form",
            "name": "custom_form",
            "options": [
                "True"
            ],
            "placeholder": "",
            "relevant_osfamilies": [],
            "required": false,
            "show_as_attribute": false,
            "show_on_servers": false,
            "type": "BOOL",
            "value_pattern_string": null
        }
    ],
    "resource_name_template": null,
    "resource_type": {
        "icon": "",
        "id": "RT-stqhm12n",
        "label": "Service",
        "lifecycle": "ACTIVE",
        "list_view_columns": [],
        "name": "service",
        "plural_label": null
    },
    "sequence": 0,
    "show_recipient_field_on_order_form": false,
    "teardown_items": []
}