{
    "any-group-can-deploy": false,
    "auto-historical-resources": false,
    "build-items": [
        {
            "action-name": "Create GCP Project",
            "continue-on-failure": false,
            "deploy-seq": 1,
            "description": null,
            "execute-in-parallel": false,
            "name": "GCP Project",
            "run-on-scale-up": true,
            "show-on-order-form": true,
            "type": "plugin"
        }
    ],
    "description": "",
    "favorited": false,
    "is-orderable": true,
    "management-actions": [],
    "name": "Create GCP Project",
    "sequence": 0,
    "show-recipient-field-on-order-form": false,
    "teardown-items": []
}